﻿<?xml version="1.0" encoding="utf-8"?>
<!DOCTYPE install PUBLIC "-//Joomla! 2.5//DTD template 1.0//EN" "http://www.joomla.org/xml/dtd/2.5/template-install.dtd">
<extension version="3.1" type="template" client="site">
	<name>Responsive FP</name>
	<creationDate>2014-06-26</creationDate>
	<author>Paulo Leite</author>
	<authorEmail>leitepau@paho.org</authorEmail>
	<authorUrl>http://www.paho.org</authorUrl>
	<copyright>PAHO/WHO 2014</copyright>
	<license>GNU/GPL</license>
	<version>1.0.0</version>
	<description>Responsive Template to be used just on the front page of the site.</description>
	<files>
		<filename>index.php</filename>
		<filename>index.html</filename>
		<filename>canonical_tag.php</filename>
		<filename>templateDetails.xml</filename>
		<filename>screenshot.png</filename>
		<folder>css</folder>
		<filename>css/reset.css</filename>
		<filename>css/style.css</filename>
		<filename>css/index.html</filename>
		<folder>html</folder>
		<filename>html/index.html</filename>
		<filename>html/com_content/index.html</filename>
		<folder>images</folder>
		<filename>images/mobile_menu_icon.png</filename>
		<filename>images/flecha.png</filename>
		<filename>images/index.html</filename>
		<folder>js</folder>
		<filename>js/index.html</filename>
	</files>
	<positions>
		<position>banner</position>
		<position>countries</position>
		<position>flag</position>
		<position>share</position>
		<position>footer_left</position>
		<position>ftmenu1</position>
		<position>ftmenu2</position>
		<position>ftmenu3</position>
		<position>innerleft_fp</position>
		<position>innercenter_fp</position>
		<position>innerright_fp</position>
		<position>left</position>
		<position>left1</position>
		<position>language</position>
		<position>postmain</position>
		<position>right_fp</position>
		<position>site_info</position>
		<position>slideshow</position>
		<position>user4</position>
	</positions>
</extension>
